{
  "interactionModel": {
    "languageModel": {
      "invocationName": "kind space",
      "intents": [
        {
          "name": "AMAZON.CancelIntent",
          "samples": []
        },
        {
          "name": "AMAZON.HelpIntent",
          "samples": []
        },
        {
          "name": "AMAZON.StopIntent",
          "samples": []
        },
        {
          "name": "HelloWorldIntent",
          "slots": [],
          "samples": [
            "hello",
            "how are you",
            "say hi world",
            "say hi",
            "hi",
            "say hello world",
            "say hello"
          ]
        },
        {
          "name": "AMAZON.NavigateHomeIntent",
          "samples": []
        },
        {
          "name": "DailyScoringIntent",
          "slots": [
            {
              "name": "yes_no",
              "type": "yes_no"
            }
          ],
          "samples": [
            "{yes_no} I would like to continue",
            "{yes_no}",
            "for daily scoring",
            "to open daily scoring"
          ]
        }
      ],
      "types": [
        {
          "values": [
            {
              "name": {
                "value": "no",
                "synonyms": [
                  "i don\u0027t",
                  "not interested",
                  "absolutely not",
                  "not",
                  "not now"
                ]
              }
            },
            {
              "name": {
                "value": "yes",
                "synonyms": [
                  "sure",
                  "sure thing",
                  "i suppose",
                  "certainly",
                  "definitely",
                  "surely",
                  "obviously",
                  "of course"
                ]
              }
            }
          ],
          "name": "yes_no"
        }
      ]
    },
    "dialog": {
      "intents": [
        {
          "name": "DailyScoringIntent",
          "confirmationRequired": false,
          "prompts": {},
          "slots": [
            {
              "name": "yes_no",
              "type": "yes_no",
              "elicitationRequired": true,
              "confirmationRequired": false,
              "prompts": {
                "elicitation": "Elicit.Slot.284140912864.820330307625"
              }
            }
          ]
        }
      ],
      "delegationStrategy": "ALWAYS"
    },
    "prompts": [
      {
        "id": "Confirm.Intent.1274531469979",
        "variations": [
          {
            "type": "PlainText",
            "value": "Would you like to continue to Daily Scoring?"
          }
        ]
      },
      {
        "id": "Elicit.Slot.284140912864.820330307625",
        "variations": [
          {
            "type": "PlainText",
            "value": "Would you like to continue to the questions?"
          }
        ]
      }
    ]
  },
  "version": "6"
}